{
    "model": "DenseNet121",
    "num_classes": 14,
    "classes": [
        "Atelectasis",
        "Consolidation",
        "Infiltration",
        "Pneumothorax",
        "Edema",
        "Emphysema",
        "Fibrosis",
        "Effusion",
        "Pneumonia",
        "Pleural_Thickening",
        "Cardiomegaly",
        "Nodule",
        "Mass",
        "Hernia"
    ],
    "image_size": 224,
    "batch_size": 32,
    "optimal_thresholds": [
        0.6500000000000001,
        0.7000000000000002,
        0.5000000000000001,
        0.7500000000000002,
        0.8500000000000002,
        0.8500000000000002,
        0.6000000000000002,
        0.7000000000000002,
        0.7500000000000002,
        0.6500000000000001,
        0.7500000000000002,
        0.6500000000000001,
        0.7500000000000002,
        0.8000000000000002
    ],
    "temperatures": [
        1.4,
        0.9999999999999999,
        0.9999999999999999,
        0.8999999999999999,
        1.2999999999999998,
        0.7999999999999999,
        0.5,
        1.4,
        0.8999999999999999,
        0.7999999999999999,
        0.7,
        3.499999999999999,
        4.899999999999999,
        0.5
    ],
    "mean_auc": 0.7738179113798461,
    "mean_f1": 0.1935277403019035,
    "mean_recall": 0.3159772599518237,
    "mean_precision": 0.16708271220671644,
    "phase1_epochs": 20,
    "phase2_epochs": 30,
    "train_images": 78614,
    "val_images": 11212,
    "test_images": 22294
}