{
    "temperatures": [
        1.4,
        0.9999999999999999,
        0.9999999999999999,
        0.8999999999999999,
        1.2999999999999998,
        0.7999999999999999,
        0.5,
        1.4,
        0.8999999999999999,
        0.7999999999999999,
        0.7,
        3.499999999999999,
        4.899999999999999,
        0.5
    ],
    "losses": [
        0.6219567188397024,
        0.5127705116850332,
        0.6579317556414388,
        0.44832910051926583,
        0.4515070213437029,
        0.3633748034603194,
        0.2847993282385485,
        0.5490756579511142,
        0.5318294106947553,
        0.5162772303339559,
        0.41153044915771897,
        0.6884391797421406,
        0.7077431480453094,
        0.06740108468299005
    ]
}